<?xml version="1.0" encoding="UTF-8"?>
<!--

 Copyright (C) 2007 GtkSourceView team
 Author: Paolo Borelli <pborelli@gnome.org>

 This library is free software; you can redistribute it and/or
 modify it under the terms of the GNU Library General Public
 License as published by the Free Software Foundation; either
 version 2 of the License, or (at your option) any later version.

 This library is distributed in the hope that it will be useful,
 but WITHOUT ANY WARRANTY; without even the implied warranty of
 MERCHANTABILITY or FITNESS FOR A PARTICULAR PURPOSE.  See the GNU
 Library General Public License for more details.

 You should have received a copy of the GNU Library General Public
 License along with this library; if not, write to the
 Free Software Foundation, Inc., 59 Temple Place - Suite 330,
 Boston, MA 02111-1307, USA.

-->

<style-scheme id="oblivion" _name="Oblivion" version="1.0">

  <author>Paolo Borelli</author>
  <_description>Dark color scheme using the Tango color palette</_description>

  <!-- Tango Palette -->
  <color name="butter1"                     value="#fce94f"/>
  <color name="butter2"                     value="#edd400"/>
  <color name="butter3"                     value="#c4a000"/>
  <color name="chameleon1"                  value="#8ae234"/>
  <color name="chameleon2"                  value="#73d216"/>
  <color name="chameleon3"                  value="#4e9a06"/>
  <color name="orange1"                     value="#fcaf3e"/>
  <color name="orange2"                     value="#f57900"/>
  <color name="orange3"                     value="#ce5c00"/>
  <color name="skyblue1"                    value="#729fcf"/>
  <color name="skyblue2"                    value="#3465a4"/>
  <color name="skyblue3"                    value="#204a87"/>
  <color name="plum1"                       value="#ad7fa8"/>
  <color name="plum2"                       value="#75507b"/>
  <color name="plum3"                       value="#5c3566"/>
  <color name="chocolate1"                  value="#e9b96e"/>
  <color name="chocolate2"                  value="#c17d11"/>
  <color name="chocolate3"                  value="#8f5902"/>
  <color name="scarletred1"                 value="#ef2929"/>
  <color name="scarletred2"                 value="#cc0000"/>
  <color name="scarletred3"                 value="#a40000"/>
  <color name="aluminium1"                  value="#eeeeec"/>
  <color name="aluminium2"                  value="#d3d7cf"/>
  <color name="aluminium3"                  value="#babdb6"/>
  <color name="aluminium4"                  value="#888a85"/>
  <color name="aluminium5"                  value="#555753"/>
  <color name="aluminium6"                  value="#2e3436"/>

  <!-- Global Settings -->
  <style name="text"                        foreground="aluminium2" background="aluminium6"/>
  <style name="selection"                   foreground="aluminium1" background="aluminium4"/>
  <style name="cursor"                      foreground="aluminium2"/>
  <style name="current-line"                background="aluminium5"/>
  <style name="line-numbers"                foreground="aluminium5" background="#black"/>
  <style name="draw-spaces"                 foreground="aluminium4"/>

  <!-- Bracket Matching -->
  <style name="bracket-match"               foreground="aluminium1" background="aluminium3" bold="true"/>
  <style name="bracket-mismatch"            foreground="aluminium1" background="scarletred2" bold="true"/>

  <!-- Right Margin -->
  <style name="right-margin"                foreground="aluminium1" background="aluminium4"/>
  
  <!-- Search Matching -->
  <style name="search-match"                foreground="aluminium1" background="chameleon3"/>

  <!-- Comments -->
  <style name="def:comment"                 foreground="aluminium4"/>
  <style name="def:shebang"                 foreground="aluminium4" bold="true"/>
  <style name="def:doc-comment-element"     italic="true"/>

  <!-- Constants -->
  <style name="def:constant"                foreground="butter2"/>
  <style name="def:string"                  foreground="butter2"/>
  <style name="def:special-char"            foreground="orange3"/>
  <style name="def:special-constant"        foreground="orange3"/>
  <style name="def:floating-point"          foreground="orange3"/>

  <!-- Identifiers -->
  <style name="def:identifier"              foreground="skyblue1"/>

  <!-- Statements -->
  <style name="def:statement"               foreground="#white" bold="true"/>

  <!-- Types -->
  <style name="def:type"                    foreground="chameleon1" bold="true"/> 

  <!-- Others -->
  <style name="def:preprocessor"            foreground="plum1"/>
  <style name="def:error"                   foreground="aluminium1" background="scarletred2" bold="true"/>
  <style name="def:note"                    background="butter1" foreground="aluminium4" bold="true"/>
  <style name="def:underlined"              italic="true" underline="true"/>

  <!-- Language specific -->
  <style name="diff:added-line"             foreground="butter2"/>
  <style name="diff:removed-line"           foreground="skyblue1"/>
  <style name="diff:changed-line"           foreground="plum1"/>
  <style name="diff:diff-file"              foreground="chameleon1" bold="true"/> 
  <style name="diff:location"               foreground="chameleon1"/> 
  <style name="diff:special-case"           foreground="#white" bold="true"/>

</style-scheme>

